TglLogin,Komputer,UserID,Tahun,AplVer,DbVer
"03/22/19 08:34:52","LEGENDA","cigelam","2019","V2.0.R2.0.1","V2.0.R2.0"
"03/22/19 13:58:53","LEGENDA","cigelam","2019","V2.0.R2.0.1","V2.0.R2.0"
"03/22/19 16:30:25","LEGENDA","cigelam","2019","V2.0.R2.0.1","V2.0.R2.0"
"03/22/19 18:18:31","LEGENDA","cigelam","2019","V2.0.R2.0.1","V2.0.R2.0"
"03/23/19 06:27:42","LEGENDA","cigelam","2019","V2.0.R2.0.1","V2.0.R2.0"
"03/23/19 17:10:42","LEGENDA","cigelam","2019","V2.0.R2.0.1","V2.0.R2.0"
"03/24/19 16:10:57","LEGENDA","cigelam","2019","V2.0.R2.0.1","V2.0.R2.0"
"03/24/19 19:14:52","LEGENDA","cigelam","2019","V2.0.R2.0.1","V2.0.R2.0"
"03/25/19 08:11:11","LEGENDA","cigelam","2019","V2.0.R2.0.1","V2.0.R2.0"
"03/25/19 16:25:49","LEGENDA","cigelam","2019","V2.0.R2.0.1","V2.0.R2.0"
"03/27/19 16:32:30","LEGENDA","cigelam","2019","V2.0.R2.0.1","V2.0.R2.0"
"04/07/19 09:46:52","LEGENDA","cigelam","2019","V2.0.R2.0.1","V2.0.R2.0"
"04/07/19 12:50:30","LEGENDA","cigelam","2019","V2.0.R2.0.1","V2.0.R2.0"
"04/08/19 07:47:49","LEGENDA","cigelam","2019","V2.0.R2.0.1","V2.0.R2.0"
"04/09/19 08:00:33","LEGENDA","cigelam","2019","V2.0.R2.0.1","V2.0.R2.0"
"04/09/19 19:00:16","LEGENDA","cigelam","2019","V2.0.R2.0.1","V2.0.R2.0"
"04/14/19 16:44:48","LEGENDA","cigelam","2019","V2.0.R2.0.1","V2.0.R2.0"
"04/23/19 10:30:58","LEGENDA","cigelam","2019","V2.0.R2.0.1","V2.0.R2.0"
"05/03/19 07:33:35","LEGENDA","cigelam","2019","V2.0.R2.0.1","V2.0.R2.0"
"05/04/19 15:57:04","LEGENDA","cigelam","2019","V2.0.R2.0.1","V2.0.R2.0"
"05/05/19 07:00:59","LEGENDA","cigelam","2019","V2.0.R2.0.1","V2.0.R2.0"
"05/05/19 11:31:04","LEGENDA","cigelam","2019","V2.0.R2.0.1","V2.0.R2.0"
"05/06/19 11:01:55","LEGENDA","cigelam","2019","V2.0.R2.0.1","V2.0.R2.0"
"05/07/19 11:10:18","LEGENDA","cigelam","2019","V2.0.R2.0.1","V2.0.R2.0"
"05/08/19 00:32:18","LEGENDA","cigelam","2019","V2.0.R2.0.1","V2.0.R2.0"
"05/08/19 00:40:44","LEGENDA","cigelam","2019","V2.0.R2.0.1","V2.0.R2.0"
"05/09/19 00:54:29","UR_PERENCANAAN","cigelam","2019","V2.0.R2.0.1","V2.0.R2.0"
"05/09/19 21:10:55","UR_PERENCANAAN","cigelam","2019","V2.0.R2.0.1","V2.0.R2.0"
"05/09/19 21:13:08","UR_PERENCANAAN","cigelam","2019","V2.0.R2.0.1","V2.0.R2.0"
"05/10/19 13:21:45","UR_PERENCANAAN","cigelam","2019","V2.0.R2.0.1","V2.0.R2.0"
"05/10/19 21:52:22","UR_PERENCANAAN","cigelam","2019","V2.0.R2.0.1","V2.0.R2.0"
"12/28/18 08:29:06","UR_PERENCANAAN","cigelam","2019","V2.0.R2.0.1","V2.0.R2.0"
"05/12/19 12:37:15","USER-PC","admin","2019","V1.2.R1.0.5","V2.0.R2.0"
"05/16/19 13:54:32","USER-PC","admin","2019","V1.2.R1.0.5","V2.0.R2.0"
"05/21/19 22:04:08","UR_PERENCANAAN","cigelam","2019","V2.0.R2.0.1","V2.0.R2.0"
"05/22/19 09:23:16","UR_PERENCANAAN","cigelam","2019","V2.0.R2.0.1","V2.0.R2.0"
"05/22/19 09:48:50","UR_PERENCANAAN","cigelam","2019","V2.0.R2.0.1","V2.0.R2.0"
"05/23/19 10:35:51","UR_PERENCANAAN","cigelam","2019","V2.0.R2.0.1","V2.0.R2.0"
"05/23/19 12:06:24","UR_PERENCANAAN","cigelam","2019","V2.0.R2.0.1","V2.0.R2.0"
"05/23/19 16:14:36","UR_PERENCANAAN","cigelam","2019","V2.0.R2.0.1","V2.0.R2.0"
"05/23/19 16:20:45","UR_PERENCANAAN","cigelam","2019","V2.0.R2.0.1","V2.0.R2.0"
"05/24/19 19:15:34","UR_PERENCANAAN","cigelam","2019","V2.0.R2.0.1","V2.0.R2.0"
"05/25/19 07:57:07","UR_PERENCANAAN","cigelam","2019","V2.0.R2.0.1","V2.0.R2.0"
"05/27/19 07:32:14","UR_PERENCANAAN","admin","2019","V2.0.R2.0.1","V2.0.R2.0"
"05/27/19 07:35:46","UR_PERENCANAAN","cigelam","2019","V2.0.R2.0.1","V2.0.R2.0"
"05/27/19 07:49:04","UR_PERENCANAAN","admin","2019","V2.0.R2.0.1","V2.0.R2.0"
"05/27/19 07:57:54","UR_PERENCANAAN","cigelam","2019","V2.0.R2.0.1","V2.0.R2.0"
"03/04/19 09:36:05","UR_PERENCANAAN","cigelam","2019","V2.0.R2.0.1","V2.0.R2.0"
"03/04/19 09:44:48","UR_PERENCANAAN","cigelam","2019","V2.0.R2.0.1","V2.0.R2.0"
"03/28/19 11:22:10","UR_PERENCANAAN","cigelam","2019","V2.0.R2.0.1","V2.0.R2.0"
"05/27/19 16:09:37","UR_PERENCANAAN","cigelam","2019","V2.0.R2.0.1","V2.0.R2.0"
"05/27/19 17:05:25","UR_PERENCANAAN","cigelam","2019","V2.0.R2.0.1","V2.0.R2.0"
"12/04/18 22:40:41","BASORI-PC","admin","2019","V1.2.R1.0.5","V2.0.R2.0"
"12/04/18 22:43:47","BASORI-PC","admin","2019","V1.2.R1.0.5","V2.0.R2.0"
"12/04/18 22:47:58","BASORI-PC","bpkp","2019","V1.2.R1.0.5","V2.0.R2.0"
"12/05/18 05:41:21","BASORI-PC","admin","2019","V1.2.R1.0.5","V2.0.R2.0"
"12/05/18 05:41:41","BASORI-PC","bpkp","2019","V1.2.R1.0.5","V2.0.R2.0"
"12/05/18 05:42:20","BASORI-PC","admin","2019","V1.2.R1.0.5","V2.0.R2.0"
"12/07/18 01:27:44","DESKTOP-FERRY","admin","2019","V1.2.R1.0.5","V2.0.R2.0"
"03/08/19 08:59:38","DESKTOP-MBMF0N4","admin","2019","V1.2.R1.0.5","V2.0.R2.0"
"03/08/19 09:58:41","DESKTOP-MBMF0N4","admin","2019","V1.2.R1.0.5","V2.0.R2.0"
"03/08/19 10:42:42","DESKTOP-MBMF0N4","admin","2019","V1.2.R1.0.5","V2.0.R2.0"
"03/08/19 10:43:07","DESKTOP-MBMF0N4","citalangpwk","2019","V1.2.R1.0.5","V2.0.R2.0"
"03/08/19 10:58:48","DESKTOP-MBMF0N4","supervisor","2019","V1.2.R1.0.5","V2.0.R2.0"
"03/08/19 10:59:16","DESKTOP-MBMF0N4","cikumpay","2019","V1.2.R1.0.5","V2.0.R2.0"
"03/08/19 11:06:28","DESKTOP-MBMF0N4","admin","2019","V1.2.R1.0.5","V2.0.R2.0"
"03/08/19 11:33:37","DESKTOP-MBMF0N4","cikaobandung","2019","V1.2.R1.0.5","V2.0.R2.0"
"03/08/19 11:34:07","DESKTOP-MBMF0N4","jatimekar","2019","V1.2.R1.0.5","V2.0.R2.0"
"03/08/19 11:34:45","DESKTOP-MBMF0N4","supervisor","2019","V1.2.R1.0.5","V2.0.R2.0"
"03/08/19 11:39:51","DESKTOP-MBMF0N4","admin","2019","V1.2.R1.0.5","V2.0.R2.0"
"03/08/19 12:02:00","DESKTOP-MBMF0N4","plered","2019","V1.2.R1.0.5","V2.0.R2.0"
"03/08/19 12:49:21","DESKTOP-MBMF0N4","admin","2019","V1.2.R1.0.5","V2.0.R2.0"
"03/08/19 14:54:23","DESKTOP-MBMF0N4","admin","2019","V1.2.R1.0.5","V2.0.R2.0"
"03/08/19 15:18:03","DESKTOP-MBMF0N4","admin","2019","V1.2.R1.0.5","V2.0.R2.0"
"03/08/19 15:20:59","DESKTOP-MBMF0N4","admin","2019","V1.2.R1.0.5","V2.0.R2.0"
"03/08/19 15:25:07","DESKTOP-MBMF0N4","sukatani","2019","V1.2.R1.0.5","V2.0.R2.0"
"03/08/19 15:25:29","DESKTOP-MBMF0N4","admin","2019","V1.2.R1.0.5","V2.0.R2.0"
"03/08/19 16:39:08","DESKTOP-MBMF0N4","batutumpang","2019","V1.2.R1.0.5","V2.0.R2.0"
"03/12/19 09:25:17","DESKTOP-MBMF0N4","admin","2019","V1.2.R1.0.5","V2.0.R2.0"
"03/12/19 10:32:20","DESKTOP-MBMF0N4","lebakanyar","2019","V1.2.R1.0.5","V2.0.R2.0"
"03/12/19 10:33:35","DESKTOP-MBMF0N4","admin","2019","V1.2.R1.0.5","V2.0.R2.0"
"03/12/19 10:57:50","DESKTOP-MBMF0N4","admin","2019","V1.2.R1.0.5","V2.0.R2.0"
"03/12/19 12:58:53","DESKTOP-MBMF0N4","admin","2019","V1.2.R1.0.5","V2.0.R2.0"
"03/12/19 15:24:44","DESKTOP-MBMF0N4","admin","2019","V1.2.R1.0.5","V2.0.R2.0"
"03/14/19 12:22:53","DESKTOP-MBMF0N4","admin","2019","V1.2.R1.0.5","V2.0.R2.0"
"03/14/19 12:49:05","DESKTOP-MBMF0N4","admin","2019","V1.2.R1.0.5","V2.0.R2.0"
"03/14/19 14:28:45","DESKTOP-MBMF0N4","citalangpwk","2019","V1.2.R1.0.5","V2.0.R2.0"
"03/14/19 15:00:56","DESKTOP-MBMF0N4","admin","2019","V1.2.R1.0.5","V2.0.R2.0"
"03/14/19 17:59:20","DESKTOP-MBMF0N4","citalangpwk","2019","V1.2.R1.0.5","V2.0.R2.0"
"03/14/19 18:00:50","DESKTOP-MBMF0N4","admin","2019","V1.2.R1.0.5","V2.0.R2.0"
"03/14/19 18:02:34","DESKTOP-MBMF0N4","campaka","2019","V1.2.R1.0.5","V2.0.R2.0"
"03/14/19 18:03:33","DESKTOP-MBMF0N4","campakasari","2019","V1.2.R1.0.5","V2.0.R2.0"
"03/14/19 18:04:00","DESKTOP-MBMF0N4","benteng","2019","V1.2.R1.0.5","V2.0.R2.0"
"03/14/19 18:04:32","DESKTOP-MBMF0N4","cirende","2019","V1.2.R1.0.5","V2.0.R2.0"
"03/14/19 18:05:01","DESKTOP-MBMF0N4","cikumpay","2019","V1.2.R1.0.5","V2.0.R2.0"
"03/14/19 18:05:31","DESKTOP-MBMF0N4","cijaya","2019","V1.2.R1.0.5","V2.0.R2.0"
"03/14/19 18:05:55","DESKTOP-MBMF0N4","kertamukti","2019","V1.2.R1.0.5","V2.0.R2.0"
"03/14/19 18:06:29","DESKTOP-MBMF0N4","cimahi","2019","V1.2.R1.0.5","V2.0.R2.0"
"03/14/19 18:06:57","DESKTOP-MBMF0N4","cijunti","2019","V1.2.R1.0.5","V2.0.R2.0"
"03/14/19 18:07:23","DESKTOP-MBMF0N4","cisaat","2019","V1.2.R1.0.5","V2.0.R2.0"
"03/14/19 18:07:50","DESKTOP-MBMF0N4","cisaat","2019","V1.2.R1.0.5","V2.0.R2.0"
"03/14/19 18:08:19","DESKTOP-MBMF0N4","cilegong","2019","V1.2.R1.0.5","V2.0.R2.0"
"03/14/19 18:08:44","DESKTOP-MBMF0N4","cikaobandung","2019","V1.2.R1.0.5","V2.0.R2.0"
"03/14/19 18:09:07","DESKTOP-MBMF0N4","jatimekar","2019","V1.2.R1.0.5","V2.0.R2.0"
"03/14/19 18:09:47","DESKTOP-MBMF0N4","jatiluhur","2019","V1.2.R1.0.5","V2.0.R2.0"
"03/14/19 18:10:23","DESKTOP-MBMF0N4","cilegong","2019","V1.2.R1.0.5","V2.0.R2.0"
"03/14/19 18:10:49","DESKTOP-MBMF0N4","kembangkuning","2019","V1.2.R1.0.5","V2.0.R2.0"
"03/14/19 18:11:15","DESKTOP-MBMF0N4","cibinong","2019","V1.2.R1.0.5","V2.0.R2.0"
"03/14/19 18:11:38","DESKTOP-MBMF0N4","bunder","2019","V1.2.R1.0.5","V2.0.R2.0"
"03/14/19 18:12:05","DESKTOP-MBMF0N4","mekargalih","2019","V1.2.R1.0.5","V2.0.R2.0"
"03/14/19 18:12:46","DESKTOP-MBMF0N4","cisalada","2019","V1.2.R1.0.5","V2.0.R2.0"
"03/14/19 18:13:13","DESKTOP-MBMF0N4","parakanlima","2019","V1.2.R1.0.5","V2.0.R2.0"
"03/14/19 18:13:40","DESKTOP-MBMF0N4","plered","2019","V1.2.R1.0.5","V2.0.R2.0"
"03/14/19 18:14:30","DESKTOP-MBMF0N4","cibogohilir","2019","V1.2.R1.0.5","V2.0.R2.0"
"03/14/19 18:14:58","DESKTOP-MBMF0N4","palinggihan","2019","V1.2.R1.0.5","V2.0.R2.0"
"03/14/19 18:15:38","DESKTOP-MBMF0N4","linggarsari","2019","V1.2.R1.0.5","V2.0.R2.0"
"03/14/19 18:16:05","DESKTOP-MBMF0N4","gandasoli","2019","V1.2.R1.0.5","V2.0.R2.0"
"03/14/19 18:16:27","DESKTOP-MBMF0N4","citeko","2019","V1.2.R1.0.5","V2.0.R2.0"
"03/14/19 18:17:01","DESKTOP-MBMF0N4","liunggunung","2019","V1.2.R1.0.5","V2.0.R2.0"
"03/14/19 18:17:29","DESKTOP-MBMF0N4","rawasari","2019","V1.2.R1.0.5","V2.0.R2.0"
"03/14/19 18:17:56","DESKTOP-MBMF0N4","anjun","2019","V1.2.R1.0.5","V2.0.R2.0"
"03/14/19 18:18:44","DESKTOP-MBMF0N4","sindangsari","2019","V1.2.R1.0.5","V2.0.R2.0"
"03/14/19 18:19:10","DESKTOP-MBMF0N4","babakansari","2019","V1.2.R1.0.5","V2.0.R2.0"
"03/14/19 18:19:44","DESKTOP-MBMF0N4","gandamekar","2019","V1.2.R1.0.5","V2.0.R2.0"
"03/14/19 18:20:12","DESKTOP-MBMF0N4","citekokaler","2019","V1.2.R1.0.5","V2.0.R2.0"
"03/14/19 18:20:39","DESKTOP-MBMF0N4","pamoyanan","2019","V1.2.R1.0.5","V2.0.R2.0"
"03/14/19 18:21:01","DESKTOP-MBMF0N4","sempur","2019","V1.2.R1.0.5","V2.0.R2.0"
"03/14/19 18:21:24","DESKTOP-MBMF0N4","cibogogirang","2019","V1.2.R1.0.5","V2.0.R2.0"
"03/14/19 18:34:20","DESKTOP-MBMF0N4","sukatani","2019","V1.2.R1.0.5","V2.0.R2.0"
"03/14/19 18:34:51","DESKTOP-MBMF0N4","malangnengah","2019","V1.2.R1.0.5","V2.0.R2.0"
"03/14/19 18:35:16","DESKTOP-MBMF0N4","cilalawi","2019","V1.2.R1.0.5","V2.0.R2.0"
"03/14/19 18:35:49","DESKTOP-MBMF0N4","cilalawi","2019","V1.2.R1.0.5","V2.0.R2.0"
"03/14/19 18:36:14","DESKTOP-MBMF0N4","sukamaju","2019","V1.2.R1.0.5","V2.0.R2.0"
"03/14/19 18:36:38","DESKTOP-MBMF0N4","cipicung","2019","V1.2.R1.0.5","V2.0.R2.0"
"03/14/19 18:37:31","DESKTOP-MBMF0N4","ciantingutara","2019","V1.2.R1.0.5","V2.0.R2.0"
"03/14/19 18:37:59","DESKTOP-MBMF0N4","cianting","2019","V1.2.R1.0.5","V2.0.R2.0"
"03/14/19 18:40:58","DESKTOP-MBMF0N4","pasirmunjul","2019","V1.2.R1.0.5","V2.0.R2.0"
"03/14/19 18:42:01","DESKTOP-MBMF0N4","tajursindang","2019","V1.2.R1.0.5","V2.0.R2.0"
"03/14/19 18:42:40","DESKTOP-MBMF0N4","cibodas","2019","V1.2.R1.0.5","V2.0.R2.0"
"03/14/19 18:43:13","DESKTOP-MBMF0N4","cijantung","2019","V1.2.R1.0.5","V2.0.R2.0"
"03/14/19 18:43:40","DESKTOP-MBMF0N4","sukajaya","2019","V1.2.R1.0.5","V2.0.R2.0"
"03/14/19 18:44:12","DESKTOP-MBMF0N4","panyindangan","2019","V1.2.R1.0.5","V2.0.R2.0"
"03/14/19 18:45:04","DESKTOP-MBMF0N4","sindanglaya","2019","V1.2.R1.0.5","V2.0.R2.0"
"03/14/19 18:45:37","DESKTOP-MBMF0N4","darangdan","2019","V1.2.R1.0.5","V2.0.R2.0"
"03/14/19 18:45:58","DESKTOP-MBMF0N4","depok","2019","V1.2.R1.0.5","V2.0.R2.0"
"03/14/19 18:46:49","DESKTOP-MBMF0N4","cilingga","2019","V1.2.R1.0.5","V2.0.R2.0"
"03/14/19 18:47:16","DESKTOP-MBMF0N4","nangewer","2019","V1.2.R1.0.5","V2.0.R2.0"
"03/14/19 18:47:40","DESKTOP-MBMF0N4","mekarsari","2019","V1.2.R1.0.5","V2.0.R2.0"
"03/14/19 18:48:04","DESKTOP-MBMF0N4","linggasari","2019","V1.2.R1.0.5","V2.0.R2.0"
"03/14/19 18:49:06","DESKTOP-MBMF0N4","sawit","2019","V1.2.R1.0.5","V2.0.R2.0"
"03/14/19 18:49:37","DESKTOP-MBMF0N4","linggamukti","2019","V1.2.R1.0.5","V2.0.R2.0"
"03/14/19 18:50:01","DESKTOP-MBMF0N4","gununghejo","2019","V1.2.R1.0.5","V2.0.R2.0"
"03/14/19 18:50:30","DESKTOP-MBMF0N4","pasirangin","2019","V1.2.R1.0.5","V2.0.R2.0"
"03/14/19 18:50:52","DESKTOP-MBMF0N4","legoksari","2019","V1.2.R1.0.5","V2.0.R2.0"
"03/14/19 18:51:27","DESKTOP-MBMF0N4","sirnamanah","2019","V1.2.R1.0.5","V2.0.R2.0"
"03/14/19 18:52:10","DESKTOP-MBMF0N4","sadarkarya","2019","V1.2.R1.0.5","V2.0.R2.0"
"03/14/19 18:52:33","DESKTOP-MBMF0N4","neglasari","2019","V1.2.R1.0.5","V2.0.R2.0"
"03/14/19 18:53:01","DESKTOP-MBMF0N4","nagrak","2019","V1.2.R1.0.5","V2.0.R2.0"
"03/14/19 18:53:36","DESKTOP-MBMF0N4","gunungkarung","2019","V1.2.R1.0.5","V2.0.R2.0"
"03/14/19 18:53:58","DESKTOP-MBMF0N4","citamiang","2019","V1.2.R1.0.5","V2.0.R2.0"
"03/14/19 18:54:22","DESKTOP-MBMF0N4","sinargalih","2019","V1.2.R1.0.5","V2.0.R2.0"
"03/14/19 18:54:46","DESKTOP-MBMF0N4","tegaldatar","2019","V1.2.R1.0.5","V2.0.R2.0"
"03/14/19 18:55:12","DESKTOP-MBMF0N4","cijati","2019","V1.2.R1.0.5","V2.0.R2.0"
"03/14/19 18:55:39","DESKTOP-MBMF0N4","ciramahilir","2019","V1.2.R1.0.5","V2.0.R2.0"
"03/14/19 18:56:07","DESKTOP-MBMF0N4","sukamukti","2019","V1.2.R1.0.5","V2.0.R2.0"
"03/14/19 18:56:30","DESKTOP-MBMF0N4","pasirjambu","2019","V1.2.R1.0.5","V2.0.R2.0"
"03/14/19 18:57:00","DESKTOP-MBMF0N4","batutumpang","2019","V1.2.R1.0.5","V2.0.R2.0"
"03/14/19 18:57:30","DESKTOP-MBMF0N4","citalang","2019","V1.2.R1.0.5","V2.0.R2.0"
"03/14/19 18:58:03","DESKTOP-MBMF0N4","tegalwaru","2019","V1.2.R1.0.5","V2.0.R2.0"
"03/14/19 18:58:31","DESKTOP-MBMF0N4","tegalsari","2019","V1.2.R1.0.5","V2.0.R2.0"
"03/14/19 18:58:55","DESKTOP-MBMF0N4","warungjeruk","2019","V1.2.R1.0.5","V2.0.R2.0"
"03/14/19 18:59:25","DESKTOP-MBMF0N4","galumpit","2019","V1.2.R1.0.5","V2.0.R2.0"
"03/14/19 18:59:50","DESKTOP-MBMF0N4","sukahaji","2019","V1.2.R1.0.5","V2.0.R2.0"
"03/14/19 19:00:14","DESKTOP-MBMF0N4","karoya","2019","V1.2.R1.0.5","V2.0.R2.0"
"03/14/19 19:00:41","DESKTOP-MBMF0N4","cadassari","2019","V1.2.R1.0.5","V2.0.R2.0"
"03/14/19 19:01:08","DESKTOP-MBMF0N4","cadasmekar","2019","V1.2.R1.0.5","V2.0.R2.0"
"03/14/19 19:01:39","DESKTOP-MBMF0N4","cisarua","2019","V1.2.R1.0.5","V2.0.R2.0"
"03/14/19 19:02:02","DESKTOP-MBMF0N4","sukamulya","2019","V1.2.R1.0.5","V2.0.R2.0"
"03/14/19 19:02:32","DESKTOP-MBMF0N4","pasanggrahan","2019","V1.2.R1.0.5","V2.0.R2.0"
"03/14/19 19:02:57","DESKTOP-MBMF0N4","wanayasa","2019","V1.2.R1.0.5","V2.0.R2.0"
"03/14/19 19:03:20","DESKTOP-MBMF0N4","sukadami","2019","V1.2.R1.0.5","V2.0.R2.0"
"03/14/19 19:04:05","DESKTOP-MBMF0N4","wanasari","2019","V1.2.R1.0.5","V2.0.R2.0"
"03/14/19 19:04:28","DESKTOP-MBMF0N4","simpang","2019","V1.2.R1.0.5","V2.0.R2.0"
"03/14/19 19:04:54","DESKTOP-MBMF0N4","nagrog","2019","V1.2.R1.0.5","V2.0.R2.0"
"03/14/19 19:05:26","DESKTOP-MBMF0N4","cibuntu","2019","V1.2.R1.0.5","V2.0.R2.0"
"03/14/19 19:05:56","DESKTOP-MBMF0N4","nagrog","2019","V1.2.R1.0.5","V2.0.R2.0"
"03/14/19 19:06:24","DESKTOP-MBMF0N4","babakan","2019","V1.2.R1.0.5","V2.0.R2.0"
"03/14/19 19:06:52","DESKTOP-MBMF0N4","nangerang","2019","V1.2.R1.0.5","V2.0.R2.0"
"03/14/19 19:07:25","DESKTOP-MBMF0N4","ciawi","2019","V1.2.R1.0.5","V2.0.R2.0"
"03/14/19 19:08:08","DESKTOP-MBMF0N4","sumurugul","2019","V1.2.R1.0.5","V2.0.R2.0"
"03/14/19 19:08:45","DESKTOP-MBMF0N4","raharja","2019","V1.2.R1.0.5","V2.0.R2.0"
"03/14/19 19:09:10","DESKTOP-MBMF0N4","sakambang","2019","V1.2.R1.0.5","V2.0.R2.0"
"03/14/19 19:09:44","DESKTOP-MBMF0N4","taringgultonggo","2019","V1.2.R1.0.5","V2.0.R2.0"
"03/14/19 19:10:12","DESKTOP-MBMF0N4","legokhuni","2019","V1.2.R1.0.5","V2.0.R2.0"
"03/14/19 19:10:56","DESKTOP-MBMF0N4","legokhuni","2019","V1.2.R1.0.5","V2.0.R2.0"
"03/14/19 19:11:49","DESKTOP-MBMF0N4","admin","2019","V1.2.R1.0.5","V2.0.R2.0"
"03/14/19 19:19:21","DESKTOP-MBMF0N4","linggasari","2019","V1.2.R1.0.5","V2.0.R2.0"
"03/14/19 19:20:39","DESKTOP-MBMF0N4","taringgultengah","2019","V1.2.R1.0.5","V2.0.R2.0"
"03/14/19 19:21:15","DESKTOP-MBMF0N4","pasawahananyar","2019","V1.2.R1.0.5","V2.0.R2.0"
"03/14/19 19:21:48","DESKTOP-MBMF0N4","pasawahan","2019","V1.2.R1.0.5","V2.0.R2.0"
"03/14/19 19:22:44","DESKTOP-MBMF0N4","sawahkulon","2019","V1.2.R1.0.5","V2.0.R2.0"
"03/14/19 19:26:42","DESKTOP-MBMF0N4","sawahkulon","2019","V1.2.R1.0.5","V2.0.R2.0"
"03/14/19 19:27:25","DESKTOP-MBMF0N4","ciherang","2019","V1.2.R1.0.5","V2.0.R2.0"
"03/14/19 19:30:21","DESKTOP-MBMF0N4","ciherang","2019","V1.2.R1.0.5","V2.0.R2.0"
"03/14/19 19:30:53","DESKTOP-MBMF0N4","cidahu","2019","V1.2.R1.0.5","V2.0.R2.0"
"03/14/19 19:32:17","DESKTOP-MBMF0N4","cidahu","2019","V1.2.R1.0.5","V2.0.R2.0"
"03/14/19 19:32:42","DESKTOP-MBMF0N4","pasawahankidul","2019","V1.2.R1.0.5","V2.0.R2.0"
"03/14/19 19:33:15","DESKTOP-MBMF0N4","kertajaya","2019","V1.2.R1.0.5","V2.0.R2.0"
"03/14/19 19:33:44","DESKTOP-MBMF0N4","lebakanyar","2019","V1.2.R1.0.5","V2.0.R2.0"
"03/14/19 19:34:16","DESKTOP-MBMF0N4","selaawi","2019","V1.2.R1.0.5","V2.0.R2.0"
"03/14/19 19:35:01","DESKTOP-MBMF0N4","margasari","2019","V1.2.R1.0.5","V2.0.R2.0"
"03/14/19 19:35:30","DESKTOP-MBMF0N4","warungkadu","2019","V1.2.R1.0.5","V2.0.R2.0"
"03/14/19 19:35:57","DESKTOP-MBMF0N4","cihuni","2019","V1.2.R1.0.5","V2.0.R2.0"
"03/14/19 19:36:37","DESKTOP-MBMF0N4","bojongbarat","2019","V1.2.R1.0.5","V2.0.R2.0"
"03/14/19 19:37:04","DESKTOP-MBMF0N4","bojongtimur","2019","V1.2.R1.0.5","V2.0.R2.0"
"03/14/19 19:37:31","DESKTOP-MBMF0N4","cikeris","2019","V1.2.R1.0.5","V2.0.R2.0"
"03/14/19 19:38:02","DESKTOP-MBMF0N4","cihanjawar","2019","V1.2.R1.0.5","V2.0.R2.0"
"03/14/19 19:38:29","DESKTOP-MBMF0N4","cipeundeuy","2019","V1.2.R1.0.5","V2.0.R2.0"
"03/14/19 19:39:15","DESKTOP-MBMF0N4","cileunca","2019","V1.2.R1.0.5","V2.0.R2.0"
"03/14/19 19:39:41","DESKTOP-MBMF0N4","cibingbin","2019","V1.2.R1.0.5","V2.0.R2.0"
"03/14/19 19:40:08","DESKTOP-MBMF0N4","kertasari","2019","V1.2.R1.0.5","V2.0.R2.0"
"03/14/19 19:40:56","DESKTOP-MBMF0N4","pangkalan","2019","V1.2.R1.0.5","V2.0.R2.0"
"03/14/19 19:41:23","DESKTOP-MBMF0N4","pawenang","2019","V1.2.R1.0.5","V2.0.R2.0"
"03/14/19 19:41:49","DESKTOP-MBMF0N4","sukamanah","2019","V1.2.R1.0.5","V2.0.R2.0"
"03/14/19 19:42:18","DESKTOP-MBMF0N4","sindangpanon","2019","V1.2.R1.0.5","V2.0.R2.0"
"03/14/19 19:42:48","DESKTOP-MBMF0N4","sindangsaribjg","2019","V1.2.R1.0.5","V2.0.R2.0"
"03/14/19 19:43:32","DESKTOP-MBMF0N4","pasanggrahanbjg","2019","V1.2.R1.0.5","V2.0.R2.0"
"03/14/19 19:44:05","DESKTOP-MBMF0N4","cilangkap","2019","V1.2.R1.0.5","V2.0.R2.0"
"03/14/19 19:44:33","DESKTOP-MBMF0N4","cicadas","2019","V1.2.R1.0.5","V2.0.R2.0"
"03/14/19 19:44:56","DESKTOP-MBMF0N4","hegarmanah","2019","V1.2.R1.0.5","V2.0.R2.0"
"03/14/19 19:45:29","DESKTOP-MBMF0N4","babakancikao","2019","V1.2.R1.0.5","V2.0.R2.0"
"03/14/19 19:46:14","DESKTOP-MBMF0N4","babakancikao","2019","V1.2.R1.0.5","V2.0.R2.0"
"03/14/19 19:46:37","DESKTOP-MBMF0N4","kadumekar","2019","V1.2.R1.0.5","V2.0.R2.0"
"03/14/19 19:47:05","DESKTOP-MBMF0N4","maracang","2019","V1.2.R1.0.5","V2.0.R2.0"
"03/14/19 19:47:30","DESKTOP-MBMF0N4","ciwareng","2019","V1.2.R1.0.5","V2.0.R2.0"
"03/14/19 19:47:55","DESKTOP-MBMF0N4","mulyamekar","2019","V1.2.R1.0.5","V2.0.R2.0"
"03/14/19 19:48:20","DESKTOP-MBMF0N4","cigelam","2019","V1.2.R1.0.5","V2.0.R2.0"
"03/14/19 19:48:46","DESKTOP-MBMF0N4","cigelam","2019","V1.2.R1.0.5","V2.0.R2.0"
"03/14/19 19:49:14","DESKTOP-MBMF0N4","ciwangi","2019","V1.2.R1.0.5","V2.0.R2.0"
"03/14/19 19:49:50","DESKTOP-MBMF0N4","cibening","2019","V1.2.R1.0.5","V2.0.R2.0"
"03/14/19 19:50:25","DESKTOP-MBMF0N4","bungursari","2019","V1.2.R1.0.5","V2.0.R2.0"
"03/14/19 19:50:49","DESKTOP-MBMF0N4","dangdeur","2019","V1.2.R1.0.5","V2.0.R2.0"
"03/14/19 19:51:13","DESKTOP-MBMF0N4","cibungur","2019","V1.2.R1.0.5","V2.0.R2.0"
"03/14/19 19:52:20","DESKTOP-MBMF0N4","wanakerta","2019","V1.2.R1.0.5","V2.0.R2.0"
"03/14/19 19:52:45","DESKTOP-MBMF0N4","cinangka","2019","V1.2.R1.0.5","V2.0.R2.0"
"03/14/19 19:53:15","DESKTOP-MBMF0N4","cikopo","2019","V1.2.R1.0.5","V2.0.R2.0"
"03/14/19 19:53:52","DESKTOP-MBMF0N4","cibodasbgr","2019","V1.2.R1.0.5","V2.0.R2.0"
"03/14/19 19:54:19","DESKTOP-MBMF0N4","karangmukti","2019","V1.2.R1.0.5","V2.0.R2.0"
"03/14/19 19:55:08","DESKTOP-MBMF0N4","cibatu","2019","V1.2.R1.0.5","V2.0.R2.0"
"03/14/19 19:55:30","DESKTOP-MBMF0N4","cilandak","2019","V1.2.R1.0.5","V2.0.R2.0"
"03/14/19 19:55:58","DESKTOP-MBMF0N4","karyamekar","2019","V1.2.R1.0.5","V2.0.R2.0"
"03/14/19 19:56:49","DESKTOP-MBMF0N4","cipinang","2019","V1.2.R1.0.5","V2.0.R2.0"
"03/14/19 20:00:02","DESKTOP-MBMF0N4","cipinang","2019","V1.2.R1.0.5","V2.0.R2.0"
"03/14/19 20:00:39","DESKTOP-MBMF0N4","ciparungsari","2019","V1.2.R1.0.5","V2.0.R2.0"
"03/14/19 20:01:04","DESKTOP-MBMF0N4","cirangkong","2019","V1.2.R1.0.5","V2.0.R2.0"
"03/14/19 20:01:29","DESKTOP-MBMF0N4","cikadu","2019","V1.2.R1.0.5","V2.0.R2.0"
"03/14/19 20:02:06","DESKTOP-MBMF0N4","cibukamanah","2019","V1.2.R1.0.5","V2.0.R2.0"
"03/14/19 20:03:03","DESKTOP-MBMF0N4","wanawali","2019","V1.2.R1.0.5","V2.0.R2.0"
"03/14/19 20:04:20","DESKTOP-MBMF0N4","wanawali","2019","V1.2.R1.0.5","V2.0.R2.0"
"03/14/19 20:05:20","DESKTOP-MBMF0N4","cipancur","2019","V1.2.R1.0.5","V2.0.R2.0"
"03/14/19 20:07:29","DESKTOP-MBMF0N4","kutamanah","2019","V1.2.R1.0.5","V2.0.R2.0"
"03/14/19 20:08:08","DESKTOP-MBMF0N4","kertamanah","2019","V1.2.R1.0.5","V2.0.R2.0"
"03/14/19 20:08:54","DESKTOP-MBMF0N4","kertamanah","2019","V1.2.R1.0.5","V2.0.R2.0"
"03/14/19 20:10:10","DESKTOP-MBMF0N4","ciririp","2019","V1.2.R1.0.5","V2.0.R2.0"
"03/14/19 20:10:44","DESKTOP-MBMF0N4","sukasari","2019","V1.2.R1.0.5","V2.0.R2.0"
"03/14/19 20:11:22","DESKTOP-MBMF0N4","parungbanteng","2019","V1.2.R1.0.5","V2.0.R2.0"
"03/14/19 20:11:58","DESKTOP-MBMF0N4","parakansalam","2019","V1.2.R1.0.5","V2.0.R2.0"
"03/14/19 20:12:29","DESKTOP-MBMF0N4","pondokbungur","2019","V1.2.R1.0.5","V2.0.R2.0"
"03/14/19 20:13:03","DESKTOP-MBMF0N4","salem","2019","V1.2.R1.0.5","V2.0.R2.0"
"03/14/19 20:13:24","DESKTOP-MBMF0N4","galudra","2019","V1.2.R1.0.5","V2.0.R2.0"
"03/14/19 20:13:57","DESKTOP-MBMF0N4","tanjungsari","2019","V1.2.R1.0.5","V2.0.R2.0"
"03/14/19 20:14:36","DESKTOP-MBMF0N4","salammulya","2019","V1.2.R1.0.5","V2.0.R2.0"
"03/14/19 20:15:09","DESKTOP-MBMF0N4","salammulya","2019","V1.2.R1.0.5","V2.0.R2.0"
"03/14/19 20:15:27","DESKTOP-MBMF0N4","salamjaya","2019","V1.2.R1.0.5","V2.0.R2.0"
"03/14/19 20:15:59","DESKTOP-MBMF0N4","bungurjaya","2019","V1.2.R1.0.5","V2.0.R2.0"
"03/14/19 20:16:25","DESKTOP-MBMF0N4","gurudug","2019","V1.2.R1.0.5","V2.0.R2.0"
"03/14/19 20:16:56","DESKTOP-MBMF0N4","sukajadi","2019","V1.2.R1.0.5","V2.0.R2.0"
"03/14/19 20:17:27","DESKTOP-MBMF0N4","situ","2019","V1.2.R1.0.5","V2.0.R2.0"
"03/14/19 20:17:56","DESKTOP-MBMF0N4","kiarapedes","2019","V1.2.R1.0.5","V2.0.R2.0"
"03/14/19 20:18:24","DESKTOP-MBMF0N4","ciracas","2019","V1.2.R1.0.5","V2.0.R2.0"
"03/14/19 20:19:06","DESKTOP-MBMF0N4","parakangarokgek","2019","V1.2.R1.0.5","V2.0.R2.0"
"03/14/19 20:19:32","DESKTOP-MBMF0N4","taringgullandeu","2019","V1.2.R1.0.5","V2.0.R2.0"
"03/14/19 20:19:59","DESKTOP-MBMF0N4","mekarjaya","2019","V1.2.R1.0.5","V2.0.R2.0"
"03/14/19 20:20:22","DESKTOP-MBMF0N4","margaluyu","2019","V1.2.R1.0.5","V2.0.R2.0"
"03/14/19 20:20:45","DESKTOP-MBMF0N4","gardu","2019","V1.2.R1.0.5","V2.0.R2.0"
"03/14/19 20:21:11","DESKTOP-MBMF0N4","cibeber","2019","V1.2.R1.0.5","V2.0.R2.0"
"03/14/19 20:22:08","DESKTOP-MBMF0N4","pusakamulya","2019","V1.2.R1.0.5","V2.0.R2.0"
"03/14/19 20:22:34","DESKTOP-MBMF0N4","sumbersari","2019","V1.2.R1.0.5","V2.0.R2.0"
"03/14/19 20:23:15","DESKTOP-MBMF0N4","admin","2019","V1.2.R1.0.5","V2.0.R2.0"
"03/14/19 20:31:52","DESKTOP-MBMF0N4","admin","2019","V1.2.R1.0.5","V2.0.R2.0"
"03/21/19 13:50:53","DESKTOP-1FVUHJ3","cigelam","2019","V2.0.R2.0.1","V2.0.R2.0"
"05/28/19 11:46:49","UR_PERENCANAAN","cigelam","2019","V2.0.R2.0.1","V2.0.R2.0"
"06/06/19 06:03:26","UR_PERENCANAAN","cigelam","2019","V2.0.R2.0.1","V2.0.R2.0"
"06/06/19 16:33:54","UR_PERENCANAAN","cigelam","2019","V2.0.R2.0.1","V2.0.R2.0"
"06/07/19 06:31:42","UR_PERENCANAAN","cigelam","2019","V2.0.R2.0.1","V2.0.R2.0"
"06/07/19 08:48:54","UR_PERENCANAAN","cigelam","2019","V2.0.R2.0.1","V2.0.R2.0"
"05/28/19 07:19:12","UR_PERENCANAAN","cigelam","2019","V2.0.R2.0.1","V2.0.R2.0"
"05/28/19 09:14:59","UR_PERENCANAAN","cigelam","2019","V2.0.R2.0.1","V2.0.R2.0"
"05/31/19 13:20:40","UR_PERENCANAAN","cigelam","2019","V2.0.R2.0.1","V2.0.R2.0"
"05/28/19 08:40:10","UR_PERENCANAAN","cigelam","2019","V2.0.R2.0.1","V2.0.R2.0"
"05/31/19 08:41:54","UR_PERENCANAAN","cigelam","2019","V2.0.R2.0.1","V2.0.R2.0"
"06/10/19 09:45:35","UR_PERENCANAAN","cigelam","2019","V2.0.R2.0.1","V2.0.R2.0"
"06/10/19 12:14:54","UR_PERENCANAAN","cigelam","2019","V2.0.R2.0.1","V2.0.R2.0"
"06/12/19 07:43:49","UR_PERENCANAAN","cigelam","2019","V2.0.R2.0.1","V2.0.R2.0"
"06/12/19 12:39:21","UR_PERENCANAAN","cigelam","2019","V2.0.R2.0.1","V2.0.R2.0"
"06/14/19 10:20:57","UR_PERENCANAAN","cigelam","2019","V2.0.R2.0.1","V2.0.R2.0"
"06/14/19 16:20:37","UR_PERENCANAAN","cigelam","2019","V2.0.R2.0.1","V2.0.R2.0"
"06/15/19 08:12:06","UR_PERENCANAAN","cigelam","2019","V2.0.R2.0.1","V2.0.R2.0"
"06/15/19 10:22:30","UR_PERENCANAAN","cigelam","2019","V2.0.R2.0.1","V2.0.R2.0"
"06/17/19 09:20:44","UR_PERENCANAAN","cigelam","2019","V2.0.R2.0.1","V2.0.R2.0"
"06/17/19 11:34:59","UR_PERENCANAAN","cigelam","2019","V2.0.R2.0.1","V2.0.R2.0"
"06/17/19 11:38:58","UR_PERENCANAAN","cigelam","2019","V2.0.R2.0.1","V2.0.R2.0"
"06/25/19 11:33:55","UR_PERENCANAAN","cigelam","2019","V2.0.R2.0.1","V2.0.R2.0"
"01/02/19 15:18:12","UR_PERENCANAAN","cigelam","2019","V2.0.R2.0.1","V2.0.R2.0"
"06/30/19 07:05:07","UR_PERENCANAAN","cigelam","2019","V2.0.R2.0.1","V2.0.R2.0"
"07/03/19 21:35:58","UR_PERENCANAAN","cigelam","2019","V2.0.R2.0.1","V2.0.R2.0"
"07/23/19 07:35:59","UR_PERENCANAAN","cigelam","2019","V2.0.R2.0.1","V2.0.R2.0"
"07/23/19 11:00:46","UR_PERENCANAAN","cigelam","2019","V2.0.R2.0.1","V2.0.R2.0"
"07/23/19 11:04:03","UR_PERENCANAAN","cigelam","2019","V2.0.R2.0.1","V2.0.R2.0"
"07/26/19 12:33:27","UR_PERENCANAAN","cigelam","2019","V2.0.R2.0.1","V2.0.R2.0"
"07/29/19 07:42:50","UR_PERENCANAAN","cigelam","2019","V2.0.R2.0.1","V2.0.R2.0"
"07/30/19 08:01:35","LAPTOP-J3BFU7S8","admin","2019","V2.0.R2.0.1","V2.0.R2.0"
"07/30/19 13:23:30","UR_PERENCANAAN","cigelam","2019","V2.0.R2.0.1","V2.0.R2.0"
"07/31/19 10:21:39","UR_PERENCANAAN","cigelam","2019","V2.0.R2.0.1","V2.0.R2.0"
"07/31/19 11:27:35","UR_PERENCANAAN","cigelam","2019","V2.0.R2.0.1","V2.0.R2.0"
"07/31/19 11:37:58","UR_PERENCANAAN","cigelam","2019","V2.0.R2.0.1","V2.0.R2.0"
"08/06/19 07:42:10","UR_PERENCANAAN","cigelam","2019","V2.0.R2.0.1","V2.0.R2.0"
"08/07/19 08:32:47","UR_PERENCANAAN","cigelam","2019","V2.0.R2.0.1","V2.0.R2.0"
